Name,Math,Physics,Chemistry,Average
An,8,7,6,7.0
Binh,9,6,7,7.333333333333333
Cuong,5,8,6,6.333333333333333
Dung,7,9,8,8.0
Hoa,6,5,9,6.666666666666667
